Team,Number,Last,First,GP,PA,AB,AVG,OBP,OPS,SLG,H,1B,2B,3B,HR,RBI,R,BB,SO,K-L,HBP,SAC,SF,ROE,FC,SB,SB%,CS,PIK,QAB,QAB%,PA/BB,BB/K,C%,HHB,LD%,FB%,GB%,BABIP,BA/RISP,LOB,2OUTRBI,XBH,TB,PS,PS/PA,2S+3,2S+3%,6+,6+%,AB/HR,GIDP,GITP,CI
Mid Island Pirates,16,Giles,Jett,44,162,121,0.339,0.487,0.901,0.413,41,34,6,0,1,17,34,23,28,11,13,4,1,2,3,20,83.33,4,1,77,47.53,7,0.821,76.86,18,14.29,33.67,44.9,0.43,0.412,34,9,7,50,629,3.883,21,12.96,36,22.22,121,2,0,0
Mid Island Pirates,10,Bailey,Easton,44,161,134,0.343,0.441,0.948,0.507,46,29,13,3,1,28,31,20,20,4,5,0,2,5,3,18,94.74,1,0,80,49.69,8.1,1,85.07,24,17.24,41.38,40.52,0.391,0.308,62,7,17,68,561,3.484,12,7.45,31,19.25,134,1,0,0
White Rock Tritons,21,Clark,Mathew,41,153,121,0.339,0.471,0.933,0.463,41,31,7,1,2,10,30,17,18,6,14,0,1,4,5,15,83.33,3,1,76,49.67,9,0.944,85.12,34,16.35,28.85,54.81,0.382,0.219,55,3,10,56,577,3.771,21,13.73,27,17.65,60.5,1,0,0
Abbotsford Cardinals,27,Millar,Owen,43,152,123,0.276,0.404,0.762,0.358,34,25,8,1,0,18,26,14,27,9,13,1,1,2,2,12,92.31,1,1,68,44.74,10.9,0.519,78.05,23,11.22,35.71,46.94,0.351,0.349,55,8,9,44,535,3.52,17,11.18,29,19.08,-,2,0,0
North Shore Twins,43,Zweep,Raymond,42,149,128,0.281,0.376,0.727,0.352,36,28,7,1,0,18,15,18,17,7,2,0,1,2,1,6,100,0,0,72,48.32,8.3,1.059,86.72,33,17.86,38.39,43.75,0.321,0.348,61,8,8,45,522,3.503,11,7.38,23,15.44,-,2,0,0
White Rock Tritons,35,Hotell,Kayden,42,146,107,0.28,0.469,0.805,0.336,30,25,4,1,0,22,17,20,13,3,18,1,0,2,1,1,50,1,2,71,48.63,7.3,1.538,87.85,32,16.49,36.08,42.27,0.319,0.324,51,13,5,36,501,3.432,19,13.01,20,13.7,-,1,0,0
Abbotsford Cardinals,11,Carriere,Jake,44,145,116,0.457,0.549,1.152,0.603,53,42,5,6,0,29,30,23,17,6,3,1,2,5,4,18,100,0,1,74,51.03,6.3,1.353,85.34,25,15.69,37.25,44.12,0.525,0.435,57,15,11,70,511,3.524,14,9.66,24,16.55,-,1,0,0
Victoria Eagles,28,Henzi,Will,38,145,113,0.354,0.49,0.95,0.46,40,31,6,3,0,18,35,27,12,9,4,0,1,7,1,16,94.12,1,2,78,53.79,5.4,2.25,89.38,34,26.47,31.37,41.18,0.392,0.429,43,4,9,52,536,3.697,16,11.03,24,16.55,-,1,0,0
Whalley Chiefs,31,Morais,Marco,43,145,129,0.248,0.315,0.57,0.256,32,31,1,0,0,13,24,12,9,2,1,2,1,8,4,6,66.67,3,1,50,34.48,12.1,1.333,93.02,23,17.89,22.76,56.91,0.264,0.308,56,2,1,33,473,3.262,8,5.52,17,11.72,-,1,0,0
Abbotsford Cardinals,5,Nash,Landon,42,143,117,0.41,0.514,0.976,0.462,48,43,4,1,0,25,32,21,3,1,4,1,0,2,8,22,91.67,2,0,58,40.56,6.8,7,97.44,24,10.43,27.83,60,0.421,0.474,46,9,5,54,480,3.357,11,7.69,16,11.19,-,1,0,0
Delta Blue Jays,88,Abbott,Reece,41,137,115,0.287,0.382,0.808,0.426,33,22,7,3,1,22,21,18,28,8,1,1,2,1,6,8,100,0,0,67,48.91,7.6,0.643,75.65,18,12.22,51.11,35.56,0.364,0.318,65,7,11,49,511,3.73,24,17.52,30,21.9,115,1,0,0
North Shore Twins,26,Cooke,Carter,40,136,109,0.22,0.336,0.62,0.284,24,19,3,2,0,15,19,8,30,6,13,2,4,5,1,19,100,0,2,45,33.09,17,0.267,72.48,15,11.76,43.53,40,0.289,0.225,57,2,5,31,417,3.066,12,8.82,16,11.76,-,0,0,0
Langley Blaze,36,Pighin,Christian,42,135,96,0.333,0.515,0.932,0.417,32,28,0,4,0,13,30,24,12,4,12,3,0,2,1,26,100,0,1,63,46.67,5.6,2,87.5,22,18.39,28.74,42.53,0.381,0.321,29,5,4,40,506,3.748,21,15.56,29,21.48,-,0,0,0
White Rock Tritons,18,Pennington,Connor,41,135,111,0.279,0.407,0.813,0.405,31,20,9,1,1,21,20,18,20,11,6,0,0,1,2,6,75,2,0,71,52.59,7.5,0.9,81.98,32,24.18,29.67,45.05,0.333,0.375,66,6,11,45,503,3.726,15,11.11,26,19.26,111,1,0,0
North Shore Twins,8,Andreola,Pietro,43,134,113,0.265,0.364,0.709,0.345,30,22,7,1,0,15,21,13,13,7,5,2,1,4,4,6,100,0,0,54,40.3,10.3,1,88.5,20,11.65,36.89,46.6,0.297,0.306,48,1,8,39,469,3.5,9,6.72,19,14.18,-,2,0,0
Mid Island Pirates,19,Galloway,Martin,38,133,115,0.261,0.353,0.727,0.374,30,22,4,3,1,19,18,10,17,7,7,0,1,3,6,7,87.5,1,0,46,34.59,13.3,0.588,85.22,16,13,42,44,0.296,0.302,67,6,8,43,437,3.286,15,11.28,16,12.03,115,2,0,0
White Rock Tritons,43,Schotts,Eli,41,133,109,0.266,0.383,0.714,0.33,29,24,3,2,0,13,16,19,16,4,3,0,2,2,6,4,57.14,3,0,65,48.87,7,1.188,85.32,25,17.89,35.79,45.26,0.305,0.205,58,4,5,36,475,3.571,19,14.29,20,15.04,-,2,0,0
Delta Blue Jays,40,Matsumoto,Tashi,43,132,112,0.321,0.417,0.854,0.438,36,24,11,1,0,21,19,16,14,4,3,0,1,6,2,8,72.73,3,0,66,50,8.3,1.143,87.5,27,22.22,40.4,35.35,0.364,0.447,47,8,12,49,468,3.545,16,12.12,25,18.94,-,0,0,0
North Shore Twins,63,Elsner,Mattias,38,130,116,0.31,0.385,0.79,0.405,36,26,9,1,0,12,16,12,25,13,2,0,0,8,4,6,100,0,0,63,48.46,10.8,0.48,78.45,22,16.48,42.86,40.66,0.396,0.313,55,5,10,47,481,3.7,21,16.15,26,20,-,0,0,0
Okanagan A's,37,Thiel,Cash,41,130,107,0.252,0.377,0.695,0.318,27,21,5,1,0,16,12,15,25,10,7,0,1,2,3,2,66.67,1,0,63,48.46,8.7,0.6,76.64,24,20.48,42.17,37.35,0.325,0.214,65,7,6,34,491,3.777,16,12.31,22,16.92,-,3,0,0
Whalley Chiefs,17,Kluth,Zack,43,128,107,0.271,0.391,0.727,0.336,29,24,3,2,0,10,20,13,22,8,8,0,0,6,4,3,75,1,2,51,39.84,9.8,0.591,79.44,19,18.82,31.76,49.41,0.341,0.277,69,2,5,36,469,3.664,9,7.03,23,17.97,-,1,0,0
Abbotsford Cardinals,41,Riley,Austin,40,127,116,0.302,0.362,0.759,0.397,35,27,5,3,0,19,19,8,13,4,3,0,0,4,2,7,70,3,0,39,30.71,15.9,0.615,88.79,15,9.71,34.95,55.34,0.34,0.327,68,9,8,46,409,3.22,11,8.66,14,11.02,-,2,0,0
Coquitlam Reds,18,Cook,Nolan,39,126,108,0.287,0.36,0.758,0.398,31,21,8,2,0,17,12,9,31,13,5,1,3,8,1,2,100,0,1,58,46.03,14,0.29,71.3,27,18.52,32.1,48.15,0.388,0.333,43,7,10,43,450,3.571,13,10.32,15,11.9,-,0,0,0
Abbotsford Cardinals,24,Krahn,Jackson,43,125,101,0.317,0.424,0.741,0.317,32,32,0,0,0,14,20,15,18,12,6,0,3,2,2,11,84.62,2,1,52,41.6,8.3,0.833,82.18,17,15.12,43.02,37.21,0.372,0.333,46,5,0,32,467,3.736,12,9.6,21,16.8,-,0,0,0
Delta Blue Jays,9,Mangat,Hayden,40,125,96,0.26,0.415,0.727,0.313,25,22,1,2,0,18,16,21,25,12,5,1,1,2,4,6,85.71,1,1,53,42.4,6,0.84,73.96,16,16.44,32.88,47.95,0.347,0.31,58,9,3,30,454,3.632,11,8.8,18,14.4,-,3,0,1
Mid Island Pirates,17,Cnossen,Nick,38,125,111,0.288,0.347,0.68,0.333,32,27,5,0,0,18,20,8,17,10,3,1,2,3,3,9,100,0,0,46,36.8,15.6,0.471,84.68,15,11.46,41.67,45.83,0.333,0.371,40,7,5,37,409,3.272,11,8.8,15,12,-,1,0,0
Mid Island Pirates,3,Hoganson,Trystan,40,123,102,0.245,0.361,0.655,0.294,25,20,5,0,0,18,20,13,18,4,6,1,1,7,0,11,91.67,1,1,45,36.59,9.5,0.722,82.35,16,16.28,30.23,48.84,0.294,0.256,57,2,5,30,446,3.626,8,6.5,12,9.76,-,0,0,0
Victoria Eagles,50,Gelling,Sawyer,36,123,97,0.33,0.455,0.93,0.474,32,23,6,1,2,28,19,21,16,6,3,0,2,4,5,7,87.5,1,0,60,48.78,5.9,1.313,83.51,26,20.48,40.96,38.55,0.37,0.366,46,8,9,46,432,3.512,13,10.57,21,17.07,48.5,0,0,0
Delta Blue Jays,6,Wilding,Toby,36,122,99,0.313,0.418,0.802,0.384,31,24,7,0,0,17,18,18,12,5,2,0,3,4,0,12,85.71,2,1,53,43.44,6.8,1.5,87.88,19,15.38,42.86,40.66,0.344,0.324,41,2,7,38,467,3.828,7,5.74,20,16.39,-,1,0,0
Langley Blaze,5,Klemo,Tyler,38,122,103,0.243,0.339,0.63,0.291,25,20,5,0,0,10,24,12,16,3,3,4,0,3,6,13,81.25,3,1,55,45.08,10.2,0.75,84.47,30,23.08,28.57,42.86,0.287,0.333,45,3,5,30,412,3.377,11,9.02,17,13.93,-,0,0,0
White Rock Tritons,7,Terrio,Ryan,40,120,98,0.265,0.373,0.72,0.347,26,18,8,0,0,16,20,9,20,6,9,2,2,5,3,4,66.67,2,0,51,42.5,13.3,0.45,79.59,25,21.69,25.3,45.78,0.325,0.27,55,6,8,34,419,3.492,12,10,18,15,-,1,0,0
Victoria Eagles,41,Varnes,Magnus,40,119,94,0.234,0.371,0.615,0.245,22,21,1,0,0,11,22,15,17,7,6,3,1,4,6,1,100,0,1,51,42.86,7.9,0.882,81.91,22,16.05,14.81,64.2,0.282,0.229,59,2,1,23,393,3.303,9,7.56,14,11.76,-,1,0,0
Whalley Chiefs,34,Gama,Leonardo,35,119,104,0.337,0.412,0.825,0.413,35,29,4,2,0,20,23,11,20,11,3,0,1,4,3,4,66.67,2,0,51,42.86,10.8,0.55,80.77,25,29.07,32.56,36.05,0.412,0.472,36,10,6,43,430,3.613,12,10.08,18,15.13,-,0,0,0
Victoria Mariners,19,Betancourt,Jorge,38,117,95,0.274,0.391,0.781,0.389,26,18,6,1,1,17,22,17,17,6,2,2,1,4,2,6,50,6,2,50,42.74,6.9,1,82.11,17,14.81,41.98,40.74,0.321,0.27,58,5,8,37,390,3.333,5,4.27,12,10.26,95,2,0,0
Okanagan A's,48,Lindsay,Hayden,36,116,95,0.347,0.446,0.867,0.421,33,26,7,0,0,10,25,14,13,4,3,4,0,6,2,10,71.43,4,2,58,50,8.3,1.077,86.32,27,24.71,31.76,37.65,0.402,0.308,36,3,7,40,387,3.336,13,11.21,17,14.66,-,0,0,0
Delta Blue Jays,4,Sochting,Drew,41,115,83,0.157,0.372,0.564,0.193,13,10,3,0,0,9,20,25,21,8,4,2,1,0,0,8,100,0,0,56,48.7,4.6,1.19,74.7,15,20,35.38,40,0.206,0.222,44,3,3,16,456,3.965,8,6.96,20,17.39,-,2,0,0
Langley Blaze,17,Balfour,Benjamin,39,115,98,0.214,0.307,0.552,0.245,21,18,3,0,0,17,23,10,14,5,4,1,2,3,7,8,80,2,0,47,40.87,11.5,0.714,85.71,22,20.69,24.14,54.02,0.244,0.268,50,3,3,24,400,3.478,16,13.91,17,14.78,-,0,0,0
Langley Blaze,20,Hebner,Chase,39,115,96,0.26,0.36,0.735,0.375,25,16,8,0,1,13,13,10,23,7,6,1,2,1,3,2,100,0,0,52,45.22,11.5,0.435,76.04,20,17.11,40.79,40.79,0.324,0.25,60,3,9,36,400,3.478,12,10.43,23,20,96,1,0,0
Victoria Eagles,33,Reay,Lucas,37,115,109,0.202,0.243,0.491,0.248,22,17,5,0,0,12,9,3,31,11,3,0,0,7,1,1,100,0,0,39,33.91,38.3,0.097,71.56,27,29.49,29.49,39.74,0.282,0.196,87,2,5,27,348,3.026,9,7.83,10,8.7,-,0,0,0
White Rock Tritons,12,Macri,Tye,41,115,93,0.247,0.383,0.662,0.28,23,20,3,0,0,14,13,18,20,8,3,0,1,4,4,3,60,2,0,50,43.48,6.4,0.9,78.49,19,20.27,31.08,48.65,0.311,0.324,58,4,3,26,444,3.861,13,11.3,22,19.13,-,0,0,0
Mid Island Pirates,15,Harmison,Brayden,37,114,92,0.228,0.366,0.627,0.261,21,18,3,0,0,12,14,12,21,8,8,2,0,6,4,6,85.71,1,0,40,35.09,9.5,0.571,77.17,4,4.11,35.62,42.47,0.296,0.2,51,2,3,24,428,3.754,17,14.91,24,21.05,-,0,0,0
North Shore Twins,37,Fallis,Luke,36,114,94,0.213,0.321,0.609,0.287,20,14,5,1,0,11,15,16,18,5,0,2,2,4,4,8,88.89,1,0,59,51.75,7.1,0.889,80.85,23,22.5,42.5,32.5,0.256,0.357,43,2,6,27,403,3.535,14,12.28,22,19.3,-,1,0,0
Langley Blaze,15,Dolphin,Will,36,113,90,0.244,0.363,0.641,0.278,22,19,3,0,0,16,14,16,10,4,3,0,4,3,3,7,87.5,1,0,61,53.98,7.1,1.6,88.89,29,25,34.52,40.48,0.262,0.316,49,2,3,25,433,3.832,15,13.27,18,15.93,-,3,0,0
Whalley Chiefs,25,Miller,Chance,34,113,91,0.319,0.438,0.822,0.385,29,24,4,1,0,17,22,16,23,6,4,1,1,6,2,8,80,2,0,42,37.17,7.1,0.696,74.73,10,14.29,34.29,45.71,0.42,0.345,41,7,5,35,430,3.805,12,10.62,20,17.7,-,2,0,0
Whalley Chiefs,78,De Groot,Marcus,42,113,96,0.354,0.442,0.849,0.406,34,29,5,0,0,19,16,11,15,6,5,0,1,4,3,2,100,0,1,46,40.71,10.3,0.733,84.38,16,18.29,23.17,58.54,0.415,0.405,45,7,5,39,432,3.823,15,13.27,22,19.47,-,1,0,0
Coquitlam Reds,21,Towsley,Blake,33,112,100,0.29,0.366,0.716,0.35,29,23,6,0,0,3,20,10,13,8,2,0,0,3,1,8,80,2,0,45,40.18,11.2,0.769,87,22,18.39,41.38,40.23,0.333,0.292,33,0,6,35,380,3.393,11,9.82,16,14.29,-,0,0,0
Langley Blaze,24,Lambie,Blake,38,112,92,0.217,0.357,0.629,0.272,20,16,3,1,0,16,13,15,22,4,5,0,0,2,4,13,92.86,1,0,53,47.32,7.5,0.682,76.09,18,21.43,21.43,57.14,0.286,0.225,53,5,4,25,426,3.804,17,15.18,24,21.43,-,1,0,0
Coquitlam Reds,25,Warren,Fraser,36,111,95,0.421,0.477,0.972,0.495,40,34,5,1,0,17,24,13,13,5,0,0,3,0,4,20,95.24,1,3,52,46.85,8.5,1,86.32,23,21.18,40,37.65,0.471,0.5,35,6,6,47,391,3.523,16,14.41,19,17.12,-,0,0,0
Victoria Mariners,11,Barnes,Colton,38,111,92,0.326,0.436,0.817,0.38,30,26,3,1,0,14,22,16,7,2,2,1,0,4,2,7,87.5,1,0,54,48.65,6.9,2.286,92.39,21,22.09,29.07,47.67,0.353,0.235,49,4,4,35,408,3.676,12,10.81,22,19.82,-,1,0,0
Okanagan A's,57,Giroday,Preston,35,110,91,0.286,0.391,0.721,0.33,26,22,4,0,0,14,19,16,16,5,1,0,2,2,5,12,100,0,0,52,47.27,6.9,1,82.42,24,24.68,33.77,40.26,0.338,0.4,47,7,4,30,386,3.509,8,7.27,13,11.82,-,2,0,0
UBC Thunder,52,Hirai,Kota,36,110,92,0.304,0.413,0.761,0.348,28,25,2,1,0,11,23,17,17,6,0,1,0,5,3,25,89.29,3,1,49,44.55,6.5,1,81.52,16,15.79,22.37,50,0.373,0.282,48,3,3,32,443,4.027,18,16.36,28,25.45,-,0,0,0
Whalley Chiefs,21,van den Hoven,Benjamin,40,110,99,0.323,0.391,0.896,0.505,32,19,8,5,0,20,18,9,31,10,2,0,0,1,5,7,77.78,2,1,45,40.91,12.2,0.29,68.69,11,14.71,48.53,35.29,0.471,0.317,66,2,13,50,450,4.091,18,16.36,23,20.91,-,0,0,0
UBC Thunder,39,Vye-Weedon,Hunter,37,109,87,0.345,0.468,0.859,0.391,30,27,2,1,0,7,32,20,22,13,1,0,1,5,0,32,91.43,3,1,48,44.04,5.5,0.909,74.71,12,15.38,30.77,41.54,0.455,0.323,31,4,3,34,421,3.862,14,12.84,26,23.85,-,0,0,0
Abbotsford Cardinals,8,Krause,Linden,34,108,93,0.28,0.346,0.711,0.366,26,19,6,1,0,21,12,8,4,2,3,1,3,10,4,5,83.33,1,0,38,35.19,13.5,2,95.7,12,4.3,37.63,54.84,0.283,0.366,49,5,7,34,316,2.926,8,7.41,9,8.33,-,4,0,0
Victoria Mariners,48,Rowan,Carson,36,108,101,0.426,0.463,1.067,0.604,43,28,12,3,0,34,16,7,5,0,0,0,0,6,7,1,33.33,2,0,57,52.78,15.4,1.4,95.05,33,22.92,22.92,54.17,0.448,0.435,50,13,15,61,338,3.13,9,8.33,11,10.19,-,1,0,0
Victoria Mariners,50,Seto,Aricin,38,108,89,0.281,0.356,0.716,0.36,25,18,7,0,0,16,12,10,23,9,1,7,1,1,4,4,80,1,0,56,51.85,10.8,0.435,74.16,17,10.81,33.78,43.24,0.373,0.257,53,4,7,32,396,3.667,12,11.11,18,16.67,-,2,0,0
Victoria Mariners,70,Diallo,Kande,40,108,80,0.188,0.398,0.611,0.212,15,13,2,0,0,5,17,18,18,4,10,0,0,3,2,12,85.71,2,0,41,37.96,6,1,77.5,8,11.29,30.65,56.45,0.242,0.135,52,3,2,17,431,3.991,17,15.74,24,22.22,-,2,0,0
Coquitlam Reds,7,Ballard,Teddy,35,107,88,0.284,0.4,0.775,0.375,25,18,6,1,0,10,13,10,20,5,7,2,0,1,2,13,86.67,2,1,47,43.93,10.7,0.5,77.27,21,17.14,41.43,35.71,0.368,0.313,51,3,7,33,329,3.075,8,7.48,14,13.08,-,0,0,0
UBC Thunder,3,Jackson,Quinn,37,107,91,0.308,0.406,0.757,0.352,28,24,4,0,0,12,16,15,22,11,0,1,0,4,1,17,80.95,4,0,46,42.99,7.1,0.682,75.82,14,18.84,42.03,33.33,0.406,0.371,48,7,4,32,400,3.738,18,16.82,22,20.56,-,1,0,0
White Rock Tritons,2,Macdonald,Hayden,32,107,89,0.303,0.421,0.758,0.337,27,24,3,0,0,10,23,6,20,12,12,0,0,2,6,4,80,1,0,38,35.51,17.8,0.3,77.53,22,27.54,17.39,55.07,0.391,0.276,52,5,3,30,364,3.402,8,7.48,14,13.08,-,1,0,0
North Shore Twins,31,Lee,Jayden,36,106,88,0.273,0.362,0.737,0.375,24,18,3,3,0,14,12,10,25,15,4,1,3,3,3,9,75,3,3,48,45.28,10.6,0.4,71.59,17,16.42,34.33,47.76,0.364,0.3,50,4,6,33,359,3.387,12,11.32,17,16.04,-,1,0,0
North Shore Twins,56,Brooks,Joe,35,105,87,0.195,0.324,0.554,0.23,17,14,3,0,0,2,6,11,30,10,6,0,1,2,0,4,80,1,0,46,43.81,9.5,0.367,65.52,18,20.69,29.31,50,0.293,0.056,56,1,3,20,403,3.838,13,12.38,18,17.14,-,0,0,0
Coquitlam Reds,34,Mullis-Howard,Seb,37,102,83,0.229,0.354,0.582,0.229,19,19,0,0,0,9,10,12,26,7,4,3,0,2,1,2,40,3,0,43,42.16,8.5,0.462,68.67,16,18.33,30,35,0.333,0.407,34,6,0,19,382,3.745,12,11.76,16,15.69,-,0,0,0
White Rock Tritons,25,Gerevas,Jack,35,102,92,0.239,0.304,0.663,0.359,22,13,8,0,1,20,13,9,31,10,0,0,1,3,5,4,100,0,1,49,48.04,11.3,0.29,66.3,17,15.87,49.21,33.33,0.344,0.389,51,5,9,33,368,3.608,17,16.67,20,19.61,92,2,0,0
UBC Thunder,34,Shimmura,Jun,34,101,77,0.247,0.416,0.741,0.325,19,14,4,1,0,16,19,21,16,9,2,0,1,6,5,11,61.11,7,0,51,50.5,4.8,1.313,79.22,19,22.58,16.13,59.68,0.306,0.286,50,6,5,25,370,3.663,11,10.89,17,16.83,-,2,0,0
Victoria Eagles,9,Brice,Billy,35,101,79,0.19,0.327,0.542,0.215,15,13,2,0,0,10,10,13,33,13,4,3,2,4,3,2,66.67,1,0,51,50.5,7.8,0.394,58.23,17,23.08,34.62,34.62,0.313,0.192,51,6,2,17,379,3.752,15,14.85,18,17.82,-,1,0,0
Langley Blaze,28,Beatty,Cayde,37,100,79,0.253,0.39,0.732,0.342,20,14,5,1,0,18,20,15,26,12,4,0,2,0,3,13,92.86,1,0,52,52,6.7,0.577,67.09,16,25.45,45.45,29.09,0.364,0.344,42,10,6,27,418,4.18,20,20,29,29,-,1,0,0
North Shore Twins,32,Murphy,Teggen,33,100,83,0.241,0.354,0.667,0.313,20,15,4,1,0,10,20,14,17,6,1,1,1,4,3,10,100,0,0,48,48,7.1,0.824,79.52,20,23.53,36.76,38.24,0.299,0.267,48,0,5,26,352,3.52,12,12,18,18,-,1,0,0
Victoria Eagles,19,Virtanen,Lucas,34,100,67,0.194,0.444,0.653,0.209,13,12,1,0,0,10,15,25,17,6,6,1,1,3,1,1,50,1,0,50,50,4,1.471,74.63,12,17.31,44.23,36.54,0.255,0.286,40,4,1,14,413,4.13,15,15,25,25,-,1,0,0
Coquitlam Reds,10,Bodell,Michael,33,99,86,0.221,0.316,0.619,0.302,19,14,4,0,1,12,15,8,28,13,4,1,0,2,3,3,75,1,0,41,41.41,12.4,0.286,67.44,18,16.95,45.76,32.2,0.316,0.32,40,6,5,26,339,3.424,10,10.1,18,18.18,86,1,0,0
Delta Blue Jays,41,Ingleson,Andrew,39,98,79,0.139,0.289,0.428,0.139,11,11,0,0,0,4,13,12,30,13,5,1,1,2,5,10,71.43,4,0,38,38.78,8.2,0.4,62.03,10,13.73,43.14,39.22,0.22,0.143,52,0,0,11,349,3.561,12,12.24,17,17.35,-,0,0,0
Okanagan A's,55,Coulter,Ashton,36,97,84,0.298,0.381,0.727,0.345,25,23,1,0,1,13,12,7,12,3,5,0,1,7,4,11,91.67,1,0,35,36.08,13.9,0.583,85.71,20,20.55,35.62,42.47,0.333,0.286,50,8,2,29,329,3.392,8,8.25,10,10.31,84,1,0,0
Victoria Eagles,32,Anderson,Sean,28,97,89,0.247,0.309,0.601,0.292,22,19,2,1,0,15,15,6,13,7,2,0,0,3,4,9,75,3,0,33,34.02,16.2,0.462,85.39,17,21.05,28.95,44.74,0.289,0.268,64,5,3,26,325,3.351,8,8.25,13,13.4,-,0,0,0
UBC Thunder,28,Weisser,Lucas,30,96,83,0.325,0.411,0.892,0.482,27,16,9,2,0,14,17,6,16,4,6,1,0,6,3,15,88.24,2,0,34,35.42,16,0.375,80.72,14,16.18,35.29,44.12,0.403,0.27,48,7,11,40,309,3.219,7,7.29,10,10.42,-,0,0,0
White Rock Tritons,19,Sidhu,Janak,34,96,79,0.241,0.355,0.633,0.278,19,16,3,0,0,7,14,11,16,7,3,3,0,4,3,4,66.67,2,0,46,47.92,8.7,0.688,79.75,14,13.64,18.18,60.61,0.302,0.259,42,3,3,22,376,3.917,16,16.67,21,21.88,-,4,0,0
Whalley Chiefs,62,Lewis,Samuel,39,95,79,0.228,0.347,0.651,0.304,18,13,4,1,0,13,15,14,25,8,1,0,1,4,3,7,100,0,2,41,43.16,6.8,0.56,68.35,11,18.18,32.73,49.09,0.327,0.231,44,2,5,24,381,4.011,12,12.63,17,17.89,-,2,0,0
Langley Blaze,10,O'Brien,Karsen,29,94,82,0.366,0.436,0.912,0.476,30,23,6,0,1,18,16,8,8,3,3,0,1,4,5,4,100,0,0,48,51.06,11.8,1,90.24,29,24,30.67,45.33,0.392,0.324,42,10,7,39,308,3.277,10,10.64,14,14.89,82,3,0,0
Mid Island Pirates,21,Lange,Jackson,29,92,79,0.139,0.25,0.415,0.165,11,9,2,0,0,8,10,8,17,4,4,0,1,4,1,6,85.71,1,0,36,39.13,11.5,0.471,78.48,9,9.52,49.21,41.27,0.175,0.105,59,0,2,13,331,3.598,12,13.04,20,21.74,-,4,0,0
North Shore Twins,52,Nagatomo,Sota,33,92,76,0.25,0.352,0.629,0.276,19,17,2,0,0,11,10,8,10,7,4,4,0,6,2,2,100,0,0,34,36.96,11.5,0.8,86.84,13,15.71,24.29,52.86,0.288,0.379,41,2,2,21,285,3.098,6,6.52,9,9.78,-,3,0,0
Okanagan A's,35,Lewandowski,Tanner,35,92,78,0.192,0.284,0.515,0.231,15,12,3,0,0,11,7,9,19,3,1,4,0,5,1,3,42.86,4,1,35,38.04,10.2,0.474,75.64,14,19.05,17.46,42.86,0.254,0.2,39,4,3,18,293,3.185,7,7.61,10,10.87,-,0,0,0
Victoria Eagles,13,Willington,Jack,30,92,79,0.241,0.333,0.599,0.266,19,17,2,0,0,10,12,6,14,4,5,2,0,5,4,1,100,0,0,37,40.22,15.3,0.429,82.28,19,22.73,24.24,50,0.292,0.25,49,4,2,21,299,3.25,7,7.61,14,15.22,-,0,0,0
Victoria Eagles,37,Siminovic,Deven,29,92,76,0.355,0.435,0.843,0.408,27,23,4,0,0,13,16,13,16,7,0,0,3,4,4,8,80,2,0,56,60.87,7.1,0.813,78.95,26,25.4,17.46,55.56,0.429,0.423,40,1,4,31,363,3.946,11,11.96,22,23.91,-,0,0,0
Coquitlam Reds,46,Pel,Jacob,35,91,71,0.225,0.356,0.596,0.239,16,15,1,0,0,6,10,7,20,3,8,4,1,4,1,3,50,3,0,34,37.36,13,0.35,71.83,13,14.29,39.29,37.5,0.308,0.154,43,4,1,17,307,3.374,8,8.79,14,15.38,-,0,0,0
Delta Blue Jays,50,Eaton-Parfitt,Miles,37,91,78,0.231,0.322,0.579,0.256,18,16,2,0,0,12,5,8,19,8,3,1,1,1,1,1,50,1,0,36,39.56,11.4,0.421,75.64,14,19.67,42.62,36.07,0.3,0.25,56,8,2,20,319,3.505,10,10.99,13,14.29,-,4,0,0
Victoria Eagles,11,Swan,Thomas,35,91,72,0.278,0.411,0.703,0.292,20,19,1,0,0,10,18,14,19,9,3,1,1,5,4,4,66.67,2,0,49,53.85,6.5,0.737,73.61,19,23.64,27.27,47.27,0.37,0.24,40,2,1,21,358,3.934,11,12.09,19,20.88,-,0,0,0
Abbotsford Cardinals,17,Copeman,Lucas,31,89,75,0.253,0.333,0.653,0.32,19,14,5,0,0,5,5,9,7,5,0,5,0,8,1,2,100,0,0,36,40.45,9.9,1.286,90.67,11,5.48,43.84,43.84,0.279,0.138,48,5,5,24,274,3.079,9,10.11,8,8.99,-,1,0,0
Abbotsford Cardinals,49,Weeks,Colton,34,89,77,0.286,0.356,0.694,0.338,22,19,2,1,0,7,8,6,17,4,3,2,1,2,1,4,80,1,0,30,33.71,14.8,0.353,77.92,8,7.94,34.92,52.38,0.361,0.2,48,2,3,26,295,3.315,9,10.11,12,13.48,-,2,0,0
Victoria Mariners,26,Williams,Nolan,31,89,77,0.364,0.443,0.911,0.468,28,20,8,0,0,12,20,10,14,0,1,1,0,2,0,11,84.62,2,0,39,43.82,8.9,0.714,81.82,15,18.75,50,29.69,0.444,0.429,36,4,8,36,301,3.382,7,7.87,11,12.36,-,1,0,0
UBC Thunder,55,Yu,Lucas,37,88,69,0.261,0.42,0.739,0.319,18,15,2,1,0,11,13,9,19,10,10,0,0,2,1,13,86.67,2,1,32,36.36,9.8,0.474,72.46,13,22,36,42,0.36,0.4,32,3,3,22,328,3.727,6,6.82,13,14.77,-,0,0,0
Victoria Mariners,96,Lampman,Anthony,35,88,72,0.236,0.375,0.639,0.264,17,15,2,0,0,7,10,11,14,6,5,0,0,2,6,4,66.67,2,0,29,32.95,8,0.786,80.56,8,11.86,22.03,64.41,0.293,0.138,49,4,2,19,302,3.432,10,11.36,13,14.77,-,1,0,0
Delta Blue Jays,31,McClelland,Nathan,39,87,67,0.224,0.402,0.626,0.224,15,15,0,0,0,5,17,15,18,10,5,0,0,3,2,18,85.71,3,2,36,41.38,5.8,0.833,73.13,9,10.2,26.53,59.18,0.306,0.208,34,3,0,15,329,3.782,10,11.49,17,19.54,-,0,0,0
North Shore Twins,38,Fong,Lincoln,29,87,73,0.247,0.349,0.664,0.315,18,14,3,1,0,10,18,10,18,7,2,1,1,3,2,1,100,0,0,36,41.38,8.7,0.556,75.34,14,17.54,38.6,40.35,0.321,0.25,36,3,4,23,324,3.724,13,14.94,19,21.84,-,3,0,0
Okanagan A's,29,Giroday,Levi,31,86,73,0.301,0.384,0.795,0.411,22,15,6,1,0,13,14,10,26,8,1,0,2,2,2,5,100,0,0,37,43.02,8.6,0.385,64.38,14,24.49,44.9,30.61,0.449,0.241,45,5,7,30,279,3.244,9,10.47,10,11.63,-,0,0,0
Victoria Eagles,5,Varnes,Caleb,30,86,70,0.257,0.381,0.667,0.286,18,16,2,0,0,7,13,11,9,5,3,2,0,2,3,1,50,1,0,36,41.86,7.8,1.222,87.14,18,20.63,30.16,44.44,0.295,0.375,39,4,2,20,272,3.163,4,4.65,7,8.14,-,1,0,0
Langley Blaze,9,Scott,Holt,27,83,66,0.227,0.366,0.654,0.288,15,13,1,0,1,11,18,11,17,5,4,1,1,0,4,16,88.89,2,1,33,39.76,7.5,0.647,74.24,17,15.69,13.73,62.75,0.286,0.185,41,5,2,19,280,3.373,8,9.64,10,12.05,66,0,0,0
North Shore Twins,24,Mirwald,Max,24,83,74,0.284,0.361,0.686,0.324,21,18,3,0,0,6,13,6,16,10,3,0,0,3,2,5,71.43,2,0,30,36.14,13.8,0.375,78.38,14,17.24,31.03,51.72,0.362,0.172,47,1,3,24,274,3.301,10,12.05,12,14.46,-,3,0,0
UBC Thunder,30,Dartnell,Ben,29,83,67,0.209,0.341,0.595,0.254,14,11,3,0,0,14,6,11,10,2,3,1,1,3,1,3,100,0,0,34,40.96,7.5,1.1,85.07,12,16.95,38.98,42.37,0.241,0.179,55,7,3,17,286,3.446,8,9.64,11,13.25,-,3,0,0
Victoria Mariners,55,Allen,Aiden,36,83,74,0.243,0.301,0.626,0.324,18,13,4,1,0,6,11,7,9,1,0,0,2,7,5,3,75,1,0,35,42.17,11.9,0.778,87.84,14,20.9,19.4,58.21,0.269,0.147,48,0,5,24,311,3.747,7,8.43,13,15.66,-,4,0,0
Mid Island Pirates,28,Watson,Reid,31,81,58,0.172,0.372,0.544,0.172,10,10,0,0,0,4,8,7,16,4,12,3,1,3,1,5,71.43,2,0,28,34.57,11.6,0.438,72.41,6,13.04,52.17,26.09,0.233,0.208,38,0,0,10,297,3.667,12,14.81,15,18.52,-,0,0,0
Victoria Mariners,58,Dalrymple,Jayden,32,81,67,0.209,0.346,0.57,0.224,14,13,1,0,0,7,8,12,19,9,2,0,0,1,2,1,50,1,1,35,43.21,6.8,0.632,71.64,11,8.33,39.58,52.08,0.292,0.172,51,3,1,15,306,3.778,8,9.88,13,16.05,-,1,0,0
Victoria Mariners,80,Fyfe,Connor,31,81,78,0.205,0.225,0.43,0.205,16,16,0,0,0,8,10,1,10,4,1,1,0,8,6,4,80,1,0,23,28.4,81,0.1,87.18,14,15.94,33.33,49.28,0.235,0.184,60,0,0,16,221,2.728,3,3.7,6,7.41,-,0,0,0
Coquitlam Reds,11,Marchant,Mathew,26,80,62,0.21,0.359,0.617,0.258,13,10,3,0,0,6,9,14,16,8,1,2,1,0,1,6,100,0,0,39,48.75,5.7,0.875,74.19,10,14.29,53.06,22.45,0.277,0.208,35,2,3,16,313,3.913,10,12.5,19,23.75,-,1,0,0
Abbotsford Cardinals,16,Allard,Nathan,29,79,67,0.254,0.325,0.623,0.299,17,15,1,1,0,10,18,7,9,5,1,2,2,5,2,11,84.62,2,2,29,36.71,11.3,0.778,86.57,11,8.06,37.1,48.39,0.283,0.241,42,3,2,20,269,3.405,6,7.59,10,12.66,-,0,0,0
Okanagan A's,60,Taylor,Zach,28,79,62,0.177,0.342,0.551,0.21,11,9,2,0,0,6,8,9,18,4,7,0,1,4,0,2,66.67,1,1,27,34.18,8.8,0.5,70.97,7,15.56,53.33,28.89,0.244,0.167,46,1,2,13,269,3.405,5,6.33,10,12.66,-,2,0,0
Abbotsford Cardinals,37,Nakajima,Yuki,29,78,65,0.246,0.359,0.667,0.308,16,12,4,0,0,15,14,9,17,3,3,0,1,1,2,3,60,2,2,32,41.03,8.7,0.529,73.85,8,8.16,46.94,44.9,0.327,0.345,38,4,4,20,305,3.91,12,15.38,16,20.51,-,0,0,0
Okanagan A's,3,Crowe,Malachi,37,77,67,0.209,0.293,0.502,0.209,14,14,0,0,0,4,14,7,16,7,1,2,0,4,3,7,100,0,0,25,32.47,11,0.438,76.12,11,13.21,24.53,54.72,0.275,0.192,36,0,0,14,258,3.351,4,5.19,11,14.29,-,1,0,0
Okanagan A's,12,Innes,Matt,32,76,65,0.185,0.25,0.435,0.185,12,12,0,0,0,2,9,6,13,3,0,4,1,3,1,8,72.73,3,0,31,40.79,12.7,0.462,80,8,14.04,28.07,40.35,0.226,0.115,50,1,0,12,253,3.329,12,15.79,14,18.42,-,0,0,0
Whalley Chiefs,66,Isfeld,Ryder,26,75,69,0.188,0.253,0.529,0.275,13,9,2,2,0,9,7,5,24,11,1,0,0,5,2,0,-,0,0,29,38.67,15,0.208,65.22,9,20,37.78,42.22,0.289,0.162,55,4,4,19,281,3.747,7,9.33,14,18.67,-,0,0,0
Abbotsford Cardinals,1,Harper,Jamieson,27,73,58,0.224,0.366,0.608,0.241,13,12,1,0,0,3,8,11,16,6,2,2,0,1,2,1,100,0,0,31,42.47,6.6,0.688,72.41,8,2.33,44.19,48.84,0.31,0.231,37,1,1,14,263,3.603,13,17.81,14,19.18,-,0,0,0
Delta Blue Jays,21,Dubnov,Mason,24,73,61,0.23,0.356,0.651,0.295,14,10,4,0,0,9,9,9,11,4,3,0,0,3,2,5,83.33,1,0,29,39.73,8.1,0.818,81.97,12,10,40,50,0.28,0.273,31,0,4,18,249,3.411,7,9.59,12,16.44,-,2,0,0
UBC Thunder,29,Higgs,Lochlan,26,73,55,0.236,0.394,0.667,0.273,13,11,2,0,0,5,8,13,14,4,2,2,1,1,1,5,62.5,3,1,36,49.32,5.6,0.929,74.55,8,18.18,18.18,52.27,0.31,0.105,30,1,2,15,279,3.822,8,10.96,12,16.44,-,0,0,0
Coquitlam Reds,2,Dolmat,Alex,33,72,54,0.13,0.314,0.462,0.148,7,6,1,0,0,5,8,13,23,9,2,2,1,0,2,7,63.64,4,1,36,50,5.5,0.565,57.41,9,11.76,29.41,52.94,0.219,0.136,40,4,1,8,304,4.222,10,13.89,15,20.83,-,0,0,0
Okanagan A's,15,Ingram,Reid,26,72,59,0.305,0.423,0.762,0.339,18,16,2,0,0,7,6,9,17,4,3,1,0,2,2,3,60,2,0,31,43.06,8,0.529,71.19,16,30.23,20.93,46.51,0.429,0.316,28,3,2,20,262,3.639,6,8.33,10,13.89,-,0,0,0
Victoria Mariners,5,Craven,Sam,32,72,56,0.25,0.348,0.652,0.304,14,11,3,0,0,12,9,7,8,7,2,6,1,5,2,1,100,0,0,37,51.39,10.3,0.875,85.71,14,9.09,10.91,67.27,0.286,0.263,27,4,3,17,256,3.556,5,6.94,11,15.28,-,1,0,0
Victoria Mariners,12,Stockham,Matt,30,72,56,0.25,0.394,0.662,0.268,14,13,1,0,0,9,16,10,10,3,4,1,1,6,1,2,66.67,1,0,32,44.44,7.2,1,82.14,10,20.83,22.92,54.17,0.298,0.25,26,2,1,15,273,3.792,8,11.11,9,12.5,-,2,0,0
Whalley Chiefs,20,Kenny,Declan,27,72,51,0.137,0.375,0.512,0.137,7,7,0,0,0,6,8,15,11,3,5,0,1,2,2,1,100,0,0,29,40.28,4.8,1.364,78.43,5,9.76,39.02,51.22,0.171,0.158,35,4,0,7,271,3.764,12,16.67,17,23.61,-,4,0,0
UBC Thunder,76,Harris,Nick,26,71,57,0.123,0.282,0.44,0.158,7,6,0,1,0,6,8,11,15,11,2,0,1,1,1,5,83.33,1,1,26,36.62,6.5,0.733,73.68,6,11.63,44.19,44.19,0.163,0.118,34,4,1,9,270,3.803,7,9.86,15,21.13,-,0,0,0
Whalley Chiefs,97,Medhurst,Easton,28,71,62,0.21,0.296,0.538,0.242,13,11,2,0,0,13,9,5,10,1,3,0,1,4,4,1,100,0,0,25,35.21,14.2,0.5,83.87,15,24.53,37.74,37.74,0.245,0.316,28,2,2,15,225,3.169,6,8.45,9,12.68,-,0,0,0
North Shore Twins,29,Tomlinson,Rocco,25,70,59,0.169,0.3,0.486,0.186,10,9,1,0,0,7,9,7,18,8,4,0,0,2,1,1,100,0,0,26,37.14,10,0.389,69.49,9,12.2,34.15,53.66,0.244,0.1,50,1,1,11,246,3.514,9,12.86,9,12.86,-,0,0,0
UBC Thunder,32,Stevenson,Matt,26,70,53,0.264,0.429,0.712,0.283,14,13,1,0,0,11,14,16,8,5,0,0,1,2,0,6,66.67,3,1,33,47.14,4.4,2,84.91,12,21.74,32.61,45.65,0.304,0.2,25,3,1,15,261,3.729,3,4.29,12,17.14,-,0,0,0
Whalley Chiefs,35,Lindale,Ben,32,70,58,0.172,0.279,0.469,0.19,10,9,1,0,0,5,16,6,15,4,3,2,1,1,1,2,66.67,1,1,23,32.86,11.7,0.4,74.14,7,15.22,23.91,56.52,0.227,0.111,29,1,1,11,252,3.6,8,11.43,11,15.71,-,1,0,0
Abbotsford Cardinals,53,Rochon,Daniel,30,69,57,0.298,0.42,0.806,0.386,17,13,3,1,0,5,9,10,10,2,2,0,0,1,2,4,80,1,0,29,42.03,6.9,1,82.46,10,12.77,44.68,42.55,0.362,0.276,40,1,4,22,224,3.246,5,7.25,9,13.04,-,0,0,0
UBC Thunder,24,Siegenthaler,Nico,27,69,55,0.255,0.391,0.755,0.364,14,8,6,0,0,8,5,10,20,5,3,0,1,1,0,4,100,0,0,37,53.62,6.9,0.5,63.64,9,19.44,36.11,44.44,0.389,0.333,22,4,6,20,301,4.362,14,20.29,21,30.43,-,1,0,0
Okanagan A's,2,Swift,Ryan,24,68,60,0.267,0.353,0.636,0.283,16,15,1,0,0,4,5,8,5,4,0,0,0,2,1,6,85.71,1,0,26,38.24,8.5,1.6,91.67,11,16.36,36.36,41.82,0.291,0.286,28,1,1,17,231,3.397,8,11.76,9,13.24,-,1,0,0
UBC Thunder,26,Cole,Adam,24,68,61,0.279,0.353,0.763,0.41,17,12,2,3,0,12,9,7,10,3,0,0,0,3,0,5,83.33,1,0,25,36.76,9.7,0.7,83.61,11,15.69,43.14,37.25,0.333,0.281,38,8,5,25,229,3.368,5,7.35,7,10.29,-,0,0,0
Langley Blaze,12,Hough,Ronen,25,67,56,0.161,0.288,0.466,0.179,9,8,1,0,0,7,3,6,14,7,4,1,0,3,1,1,100,0,1,22,32.84,11.2,0.429,75,8,16.28,34.88,44.19,0.214,0.148,40,0,1,10,251,3.746,6,8.96,7,10.45,-,0,0,0
Victoria Eagles,2,Hodder,Eric,28,67,55,0.2,0.343,0.58,0.236,11,9,2,0,0,5,8,7,17,12,5,0,0,4,2,1,100,0,0,31,46.27,9.6,0.412,69.09,14,21.05,39.47,39.47,0.289,0.111,36,1,2,13,245,3.657,9,13.43,11,16.42,-,0,0,0
Victoria Mariners,33,Anselmo,Franco,37,66,53,0.17,0.302,0.49,0.189,9,8,1,0,0,6,12,10,15,6,0,3,0,3,2,6,85.71,1,0,28,42.42,6.6,0.667,71.7,5,12.2,17.07,60.98,0.237,0.267,27,4,1,10,260,3.939,5,7.58,12,18.18,-,0,0,0
White Rock Tritons,15,Memmott,Callum,28,66,52,0.115,0.266,0.4,0.135,6,5,1,0,0,4,6,6,29,8,5,2,1,3,1,2,100,0,0,25,37.88,11,0.207,44.23,5,15.38,38.46,26.92,0.25,0.045,39,1,1,7,247,3.742,9,13.64,14,21.21,-,0,0,0
Mid Island Pirates,20,Dahling,Justyce,27,65,55,0.2,0.323,0.541,0.218,11,10,1,0,0,9,9,6,18,5,4,0,0,4,1,8,80,2,0,19,29.23,10.8,0.333,67.27,3,5.26,36.84,47.37,0.297,0.167,38,3,1,12,231,3.554,11,16.92,13,20,-,0,0,0
Okanagan A's,22,Threlfall,Ari,31,65,54,0.204,0.317,0.558,0.241,11,10,0,1,0,1,9,7,7,2,2,2,0,1,1,1,33.33,2,1,31,47.69,9.3,1,87.04,16,24.49,20.41,46.94,0.234,0.063,36,1,1,13,234,3.6,5,7.69,13,20,-,0,0,0
White Rock Tritons,20,Gauthier,Brandon,24,65,50,0.24,0.387,0.647,0.26,12,11,1,0,0,5,9,5,10,5,7,3,0,3,5,3,75,1,0,24,36.92,13,0.5,80,8,16.28,30.23,41.86,0.3,0.281,41,3,1,13,225,3.462,4,6.15,11,16.92,-,0,0,0
Mid Island Pirates,2,Dovey,Matthew,26,64,48,0.188,0.371,0.558,0.188,9,9,0,0,0,6,11,11,8,1,3,2,0,2,1,3,75,1,0,18,28.13,5.8,1.375,83.33,3,7.14,38.1,47.62,0.225,0.174,39,1,0,9,225,3.516,0,0,5,7.81,-,0,0,0
UBC Thunder,37,Baxter-Bellas,Jack,22,63,52,0.231,0.365,0.634,0.269,12,10,2,0,0,6,7,11,14,4,0,0,0,1,1,1,100,0,0,27,42.86,5.7,0.786,73.08,8,21.62,48.65,27.03,0.316,0.188,25,2,2,14,250,3.968,7,11.11,12,19.05,-,0,0,0
Victoria Eagles,31,Hummel,Ashton,20,63,54,0.259,0.365,0.643,0.278,14,13,1,0,0,10,3,6,12,3,3,0,0,5,1,0,-,0,0,28,44.44,10.5,0.5,77.78,14,28.57,26.19,45.24,0.333,0.214,39,5,1,15,231,3.667,4,6.35,8,12.7,-,0,0,0
Coquitlam Reds,22,Klatt,Dylan,23,62,52,0.212,0.339,0.589,0.25,11,9,2,0,0,7,8,9,17,2,1,0,0,2,3,2,66.67,1,1,24,38.71,6.9,0.529,67.31,12,28.57,28.57,42.86,0.314,0.318,33,4,2,13,224,3.613,4,6.45,6,9.68,-,1,0,0
Delta Blue Jays,13,Strang,Nathan,30,62,52,0.115,0.246,0.419,0.173,6,3,3,0,0,0,5,8,24,7,1,1,0,0,1,0,0,1,1,23,37.1,7.8,0.333,53.85,3,10.34,58.62,27.59,0.214,0.053,32,0,3,9,234,3.774,7,11.29,10,16.13,-,0,0,0
Mid Island Pirates,44,Wedholm,Axel,32,62,53,0.208,0.311,0.519,0.208,11,11,0,0,0,5,11,7,11,5,1,1,0,0,3,3,75,1,0,24,38.71,8.9,0.636,79.25,3,6.98,39.53,39.53,0.262,0.227,37,2,0,11,233,3.758,8,12.9,12,19.35,-,0,0,0
Coquitlam Reds,30,Jacobson,Corbin,23,60,49,0.204,0.339,0.604,0.265,10,7,3,0,0,6,6,7,18,9,3,1,0,3,1,0,0,2,0,23,38.33,8.6,0.389,63.27,9,18.18,30.3,39.39,0.323,0.133,30,5,3,13,227,3.783,8,13.33,11,18.33,-,0,0,0
Delta Blue Jays,25,Hesse,Matthew,30,60,36,0.111,0.414,0.525,0.111,4,4,0,0,0,3,13,17,15,10,3,2,2,2,0,6,100,0,1,34,56.67,3.5,1.133,58.33,5,16.67,37.5,37.5,0.174,0.091,25,0,0,4,259,4.317,12,20,17,28.33,-,0,0,0
Langley Blaze,22,Oleskiw,Jayden,29,60,53,0.226,0.317,0.619,0.302,12,8,4,0,0,8,14,4,13,5,3,0,0,4,2,10,90.91,1,0,31,51.67,15,0.308,75.47,13,20,40,40,0.3,0.273,37,3,4,16,224,3.733,12,20,14,23.33,-,1,0,0
Langley Blaze,32,Sharp,Turbo,22,59,47,0.362,0.483,0.908,0.426,17,14,3,0,0,12,5,6,11,6,5,1,0,1,2,2,66.67,1,0,29,49.15,9.8,0.545,76.6,12,21.62,29.73,43.24,0.472,0.526,18,8,3,20,189,3.203,4,6.78,8,13.56,-,0,0,0
Mid Island Pirates,43,Hansen,Dane,22,59,43,0.047,0.268,0.314,0.047,2,2,0,0,0,5,4,4,13,7,9,3,0,1,2,0,-,0,0,14,23.73,14.8,0.308,69.77,2,3.03,33.33,54.55,0.067,0.095,36,0,0,2,192,3.254,5,8.47,5,8.47,-,0,0,0
Victoria Eagles,99,Dewey,Dante,18,59,55,0.273,0.322,0.704,0.382,15,12,1,1,1,11,7,1,13,5,3,0,0,2,4,6,100,0,0,24,40.68,59,0.077,76.36,13,17.07,26.83,56.1,0.341,0.214,41,7,3,21,204,3.458,8,13.56,10,16.95,55,1,0,0
White Rock Tritons,36,Harvie,Alex,27,57,52,0.231,0.286,0.536,0.25,12,11,1,0,0,4,6,3,21,9,1,1,0,2,2,2,100,0,0,20,35.09,19,0.143,59.62,9,25,25,40.63,0.387,0.188,32,1,1,13,203,3.561,7,12.28,7,12.28,-,0,0,0
Coquitlam Reds,3,Yee,Jayden,35,56,43,0.279,0.38,0.729,0.349,12,9,3,0,0,5,8,5,12,3,2,6,0,4,1,6,60,4,0,27,48.21,11.2,0.417,72.09,7,8.11,21.62,48.65,0.387,0.25,17,4,3,15,205,3.661,7,12.5,11,19.64,-,0,0,0
Coquitlam Reds,12,Crago,Cohen,22,56,49,0.347,0.429,0.837,0.408,17,14,3,0,0,14,8,6,5,1,1,0,0,0,1,7,100,0,0,26,46.43,9.3,1.2,89.8,14,13.64,36.36,50,0.386,0.5,21,7,3,20,208,3.714,4,7.14,10,17.86,-,0,0,0
UBC Thunder,38,Tham,Tyler,27,56,48,0.229,0.321,0.613,0.292,11,9,1,1,0,4,9,6,17,8,1,0,1,2,1,7,87.5,1,1,22,39.29,9.3,0.353,64.58,5,12.5,31.25,46.88,0.344,0.053,35,0,2,14,215,3.839,6,10.71,15,26.79,-,0,0,0
Victoria Mariners,40,Shibata,Jaxon,25,56,49,0.245,0.339,0.645,0.306,12,9,3,0,0,4,5,7,16,3,0,0,0,1,2,0,-,0,1,18,32.14,8,0.438,67.35,7,15.15,33.33,51.52,0.364,0.25,34,2,3,15,205,3.661,5,8.93,7,12.5,-,0,0,0
Victoria Mariners,66,Stamm,Nate,26,56,42,0.262,0.436,0.722,0.286,11,10,1,0,0,2,6,9,19,1,4,1,0,3,1,1,50,1,0,22,39.29,6.2,0.474,54.76,4,12.5,37.5,41.67,0.478,0.105,26,1,1,12,218,3.893,9,16.07,11,19.64,-,0,0,0
Whalley Chiefs,30,Frampton,Brody,27,56,45,0.111,0.259,0.393,0.133,5,4,1,0,0,3,7,6,8,3,3,2,0,6,2,0,-,0,0,16,28.57,9.3,0.75,82.22,2,5.13,35.9,51.28,0.135,0.118,29,2,1,6,194,3.464,7,12.5,8,14.29,-,0,0,0
Delta Blue Jays,1,Skelly,Colin,27,55,43,0.116,0.235,0.375,0.14,5,4,1,0,0,4,3,6,12,7,1,4,1,1,0,1,100,0,0,27,49.09,9.2,0.5,72.09,6,11.11,30.56,47.22,0.156,0.167,17,2,1,6,200,3.636,7,12.73,7,12.73,-,0,0,0
Victoria Eagles,57,Kitel,Kosta,19,55,42,0.119,0.315,0.434,0.119,5,5,0,0,0,3,8,6,11,4,6,1,0,2,1,0,-,0,0,25,45.45,9.2,0.545,73.81,9,25,21.88,50,0.161,0.111,32,1,0,5,201,3.655,5,9.09,9,16.36,-,1,0,0
Delta Blue Jays,73,Reynolds,Nathan,23,54,46,0.152,0.278,0.452,0.174,7,6,1,0,0,6,5,6,19,5,2,0,0,3,3,4,80,1,1,26,48.15,9,0.316,58.7,9,14.81,22.22,62.96,0.259,0.118,35,3,1,8,213,3.944,8,14.81,8,14.81,-,3,0,0
North Shore Twins,41,Cole,Ethan,21,54,47,0.128,0.226,0.354,0.128,6,6,0,0,0,5,4,3,7,2,3,1,0,3,3,1,100,0,1,17,31.48,18,0.429,85.11,8,17.07,39.02,41.46,0.15,0.238,33,1,0,6,195,3.611,7,12.96,8,14.81,-,1,0,0
Whalley Chiefs,51,Kimura,Eito,27,54,44,0.159,0.302,0.484,0.182,7,6,1,0,0,2,10,7,17,6,2,1,0,1,1,1,100,0,1,17,31.48,7.7,0.412,61.36,1,3.57,42.86,50,0.259,0.154,29,0,1,8,205,3.796,5,9.26,10,18.52,-,0,0,0
Coquitlam Reds,8,Smith,Lucas,20,53,41,0.22,0.347,0.591,0.244,9,8,1,0,0,4,4,7,18,9,1,4,0,0,1,5,100,0,2,31,58.49,7.6,0.389,56.1,10,25.93,33.33,25.93,0.391,0.2,33,3,1,10,220,4.151,6,11.32,13,24.53,-,0,0,0
Mid Island Pirates,27,Dakin,Max,18,53,38,0.079,0.314,0.393,0.079,3,3,0,0,0,6,4,11,21,8,2,2,0,4,0,0,-,0,0,27,50.94,4.8,0.524,44.74,3,10.53,21.05,57.89,0.176,0.059,36,2,0,3,222,4.189,12,22.64,12,22.64,-,0,0,0
Whalley Chiefs,29,Logue,Noah,20,53,43,0.186,0.321,0.53,0.209,8,7,1,0,0,5,3,7,6,4,2,0,1,1,0,0,-,0,1,20,37.74,7.6,1.167,86.05,4,10.26,38.46,46.15,0.211,0.2,26,0,1,9,188,3.547,7,13.21,10,18.87,-,2,0,0
Langley Blaze,38,Sawatzky,Hudson,25,51,46,0.239,0.314,0.662,0.348,11,6,5,0,0,6,9,5,16,4,0,0,0,1,0,3,100,0,0,21,41.18,10.2,0.313,65.22,11,30,43.33,26.67,0.367,0.167,31,0,5,16,185,3.627,4,7.84,9,17.65,-,0,0,0
UBC Thunder,2,Chow,Taigo,21,51,47,0.17,0.22,0.39,0.17,8,8,0,0,0,4,3,2,15,7,1,1,0,0,1,1,100,0,0,19,37.25,25.5,0.133,68.09,8,21.21,30.3,39.39,0.25,0.176,30,0,0,8,188,3.686,9,17.65,10,19.61,-,0,0,0
Okanagan A's,51,Misfeldt,Tanner,19,49,46,0.413,0.449,0.884,0.435,19,18,1,0,0,10,3,3,9,5,0,0,0,1,1,3,75,1,0,28,57.14,16.3,0.333,80.43,18,37.84,27.03,35.14,0.514,0.476,22,4,1,20,159,3.245,7,14.29,9,18.37,-,0,0,0
Abbotsford Cardinals,3,Taylor,Jake,19,48,40,0.05,0.208,0.283,0.075,2,1,1,0,0,5,6,5,12,6,3,0,0,4,3,0,-,0,0,14,29.17,9.6,0.417,70,2,7.14,32.14,57.14,0.071,0.143,28,3,1,3,158,3.292,5,10.42,7,14.58,-,0,0,0
Coquitlam Reds,35,Abbruzzese,Francesco,19,48,40,0.175,0.283,0.458,0.175,7,7,0,0,0,1,2,5,12,4,1,2,0,0,1,1,33.33,2,1,20,41.67,9.6,0.417,70,8,10,36.67,43.33,0.25,0.056,29,0,0,7,180,3.75,8,16.67,9,18.75,-,0,0,0
Abbotsford Cardinals,34,Wooffinden,Berend,23,46,32,0.125,0.341,0.466,0.125,4,4,0,0,0,3,6,8,12,6,3,2,1,2,0,1,50,1,0,20,43.48,5.8,0.667,62.5,2,4.35,43.48,43.48,0.19,0.214,22,1,0,4,186,4.043,4,8.7,7,15.22,-,1,0,0
Langley Blaze,27,Brahney-Garcia,Matthew,24,45,35,0.114,0.289,0.403,0.114,4,4,0,0,0,3,7,9,18,5,0,0,1,1,0,3,60,2,1,21,46.67,5,0.5,48.57,6,33.33,44.44,22.22,0.222,0,16,0,0,4,190,4.222,6,13.33,9,20,-,0,0,0
UBC Thunder,58,Ito Shane,Travis,18,45,34,0.176,0.302,0.479,0.176,6,6,0,0,0,2,8,4,12,2,3,1,2,1,0,2,100,0,1,17,37.78,11.3,0.333,64.71,4,16,52,28,0.25,0.063,26,0,0,6,156,3.467,2,4.44,7,15.56,-,1,0,1
Okanagan A's,8,Bowman,Reid,21,44,40,0.075,0.14,0.24,0.1,3,2,1,0,0,0,2,2,17,7,1,1,0,3,1,0,0,2,0,13,29.55,22,0.118,57.5,3,8.33,37.5,45.83,0.13,0,26,0,1,4,176,4,4,9.09,9,20.45,-,1,0,0
UBC Thunder,5,McGauley,Nick,20,44,36,0.167,0.295,0.462,0.167,6,6,0,0,0,6,2,5,12,1,2,0,1,0,0,2,66.67,1,0,13,29.55,8.8,0.417,66.67,4,12,48,36,0.24,0.273,17,2,0,6,150,3.409,4,9.09,5,11.36,-,0,0,0
Delta Blue Jays,17,Rifkin,Sander,14,43,33,0.303,0.442,0.775,0.333,10,9,1,0,0,12,5,6,8,2,3,0,1,1,1,4,100,0,0,17,39.53,7.2,0.75,75.76,8,11.54,30.77,57.69,0.385,0.263,26,6,1,11,146,3.395,2,4.65,5,11.63,-,1,0,0
Delta Blue Jays,51,Phillips,Nathan,21,43,40,0.075,0.14,0.215,0.075,3,3,0,0,0,2,2,3,22,7,0,0,0,0,2,0,-,0,0,15,34.88,14.3,0.136,45,4,22.22,33.33,44.44,0.167,0.083,29,0,0,3,167,3.884,6,13.95,8,18.6,-,1,0,0
Mid Island Pirates,13,Mottishaw,Logan,17,43,34,0.235,0.395,0.631,0.235,8,8,0,0,0,4,7,7,7,0,2,0,0,0,1,0,0,1,0,15,34.88,6.1,1,79.41,4,14.81,25.93,48.15,0.296,0.286,26,1,0,8,156,3.628,4,9.3,4,9.3,-,1,0,0
Okanagan A's,6,Bitgood,Ethan,20,43,34,0.147,0.31,0.457,0.147,5,5,0,0,0,2,5,8,9,7,0,1,0,1,3,1,100,0,1,24,55.81,5.4,0.889,73.53,7,19.23,23.08,50,0.2,0.2,24,1,0,5,183,4.256,4,9.3,15,34.88,-,0,0,0
Abbotsford Cardinals,28,Janzen,Charlie,19,42,33,0.152,0.286,0.468,0.182,5,4,1,0,0,4,7,7,8,5,0,0,2,3,0,0,0,1,0,17,40.48,6,0.875,75.76,4,7.41,51.85,40.74,0.185,0.056,30,0,1,6,157,3.738,4,9.52,7,16.67,-,0,0,0
Okanagan A's,9,Langill,Brady,18,42,35,0.257,0.381,0.638,0.257,9,9,0,0,0,3,3,3,9,4,4,0,0,1,0,5,83.33,1,0,12,28.57,14,0.333,74.29,4,15.38,42.31,42.31,0.346,0.308,18,3,0,9,158,3.762,2,4.76,7,16.67,-,0,0,0
Whalley Chiefs,41,Ohura,Isshin,18,42,33,0.212,0.366,0.669,0.303,7,6,0,0,1,6,5,8,19,6,0,1,0,0,1,1,100,0,0,17,40.48,5.3,0.421,42.42,3,13.33,53.33,26.67,0.462,0.143,27,0,1,10,164,3.905,5,11.9,8,19.05,33,0,0,0
Okanagan A's,46,Gilbert,Henry,20,40,32,0.125,0.171,0.296,0.125,4,4,0,0,0,3,6,1,15,4,1,5,1,3,0,2,100,0,0,12,30,40,0.067,53.13,1,4.35,34.78,34.78,0.222,0.25,17,1,0,4,138,3.45,3,7.5,2,5,-,0,0,0
White Rock Tritons,27,Wilson,Alex,19,40,35,0.229,0.325,0.668,0.343,8,5,2,1,0,2,4,4,15,6,1,0,0,0,1,0,-,0,0,18,45,10,0.267,57.14,5,25,50,20,0.4,0.111,30,2,3,12,159,3.975,6,15,7,17.5,-,0,0,0
Mid Island Pirates,23,Pennock,Charlie,14,38,27,0.074,0.324,0.435,0.111,2,1,1,0,0,1,2,8,16,3,2,1,0,0,0,1,100,0,0,16,42.11,4.8,0.5,40.74,1,8.33,66.67,8.33,0.182,0.063,29,0,1,3,159,4.184,9,23.68,10,26.32,-,0,0,0
UBC Thunder,57,Delipper,Levi,13,36,29,0.414,0.5,1.086,0.586,12,8,3,1,0,6,7,2,3,0,4,0,1,1,0,2,100,0,1,15,41.67,18,0.667,89.66,8,22.22,40.74,37.04,0.444,0.308,12,1,4,17,114,3.167,2,5.56,5,13.89,-,0,0,0
White Rock Tritons,53,Huzyk,Daniel,16,36,30,0.067,0.222,0.289,0.067,2,2,0,0,0,1,3,5,15,4,1,0,0,1,1,1,100,0,0,18,50,7.2,0.333,50,4,20,40,40,0.133,0,27,0,0,2,167,4.639,8,22.22,11,30.56,-,1,0,0
Victoria Eagles,60,Brown,Matt,13,35,29,0.207,0.324,0.565,0.241,6,5,1,0,0,2,4,4,12,7,1,1,0,3,1,0,-,0,0,11,31.43,8.8,0.333,58.62,4,16.67,22.22,55.56,0.353,0.167,22,1,1,7,123,3.514,3,8.57,4,11.43,-,0,0,0
Coquitlam Reds,40,Egawa,Gen,15,34,24,0.125,0.382,0.507,0.125,3,3,0,0,0,2,6,10,10,2,0,0,0,1,0,0,-,0,0,17,50,3.4,1,58.33,4,14.29,21.43,64.29,0.214,0,18,1,0,3,148,4.353,1,2.94,10,29.41,-,0,0,0
Coquitlam Reds,49,Sahota-Rai,Braydon,15,34,29,0.138,0.219,0.357,0.138,4,4,0,0,0,3,2,1,4,0,2,2,0,1,0,1,50,1,0,13,38.24,34,0.25,86.21,7,11.11,33.33,48.15,0.16,0.214,24,2,0,4,106,3.118,4,11.76,4,11.76,-,0,0,0
Victoria Mariners,43,Kay,Jasper,18,33,28,0.143,0.25,0.393,0.143,4,4,0,0,0,1,5,4,7,0,0,1,0,1,1,0,-,0,0,14,42.42,8.3,0.571,75,6,27.27,31.82,36.36,0.19,0.286,13,0,0,4,115,3.485,4,12.12,6,18.18,-,0,0,0
Abbotsford Cardinals,44,Friesen,Isaac,13,32,26,0.192,0.344,0.613,0.269,5,4,0,1,0,4,9,4,10,3,2,0,0,2,0,1,100,0,0,16,50,8,0.4,61.54,3,6.25,56.25,37.5,0.313,0.167,21,0,1,7,120,3.75,7,21.88,6,18.75,-,1,0,0
Langley Blaze,25,So,Chad,12,32,29,0.379,0.406,0.82,0.414,11,10,1,0,0,5,4,2,3,1,0,0,1,1,4,1,50,1,0,14,43.75,16,0.667,89.66,11,22.22,14.81,62.96,0.407,0.4,10,0,1,12,93,2.906,1,3.13,2,6.25,-,0,0,0
Whalley Chiefs,28,Mingo,Mylan,19,32,25,0.24,0.355,0.635,0.28,6,5,1,0,0,6,8,5,10,4,0,1,1,0,0,1,100,0,1,13,40.63,6.4,0.5,60,2,11.76,47.06,35.29,0.375,0.25,17,0,1,7,124,3.875,7,21.88,7,21.88,-,1,0,0
Victoria Mariners,84,Buckler,Andreas,15,29,25,0.2,0.286,0.526,0.24,5,4,1,0,0,2,3,2,7,2,1,1,0,1,1,1,100,0,0,12,41.38,14.5,0.286,72,3,15.79,31.58,47.37,0.278,0.222,12,0,1,6,103,3.552,5,17.24,4,13.79,-,0,0,0
Mid Island Pirates,24,Coy,Lucas,15,28,24,0.125,0.25,0.417,0.167,3,2,1,0,0,1,4,2,13,5,2,0,0,1,2,0,-,0,0,7,25,14,0.154,45.83,0,0,18.18,72.73,0.273,0.2,16,1,1,4,93,3.321,4,14.29,3,10.71,-,1,0,0
Whalley Chiefs,98,Pietraroia,Jonathan,10,28,21,0.286,0.423,0.709,0.286,6,6,0,0,0,4,2,5,1,0,0,2,0,0,0,0,-,0,0,12,42.86,5.6,5,95.24,1,4.55,27.27,59.09,0.3,0.167,21,2,0,6,103,3.679,4,14.29,8,28.57,-,1,0,0
White Rock Tritons,38,Glentworth,Lunden,19,26,24,0.167,0.231,0.481,0.25,4,3,0,1,0,2,2,1,15,6,1,0,0,0,0,0,-,0,0,9,34.62,26,0.067,37.5,2,22.22,55.56,11.11,0.444,0.333,12,2,1,6,105,4.038,4,15.38,5,19.23,-,0,0,0
Langley Blaze,14,Miller,Nixon,13,25,20,0.1,0.24,0.34,0.1,2,2,0,0,0,4,1,4,13,2,0,0,1,0,0,1,50,1,0,12,48,6.3,0.308,35,1,12.5,37.5,50,0.25,0.222,15,0,0,2,112,4.48,5,20,7,28,-,0,0,0
Delta Blue Jays,20,Moncion,Yormon,17,23,21,0.095,0.174,0.269,0.095,2,2,0,0,0,1,4,2,11,4,0,0,0,2,1,2,100,0,0,8,34.78,11.5,0.182,47.62,2,10,30,60,0.2,0.125,17,1,0,2,84,3.652,2,8.7,4,17.39,-,0,0,0
Langley Blaze,3,Nesbitt,Ian,6,14,13,0.231,0.286,0.516,0.231,3,3,0,0,0,3,0,1,5,0,0,0,0,0,0,1,100,0,0,7,50,14,0.2,61.54,1,0,37.5,62.5,0.375,0.2,7,0,0,3,68,4.857,4,28.57,5,35.71,-,0,0,0
UBC Thunder,33,Kwok,Nathan,8,14,14,0,0,0,0,0,0,0,0,0,0,0,0,8,2,0,0,0,0,0,0,-,0,0,3,21.43,-,0,42.86,1,16.67,33.33,50,0,0,10,0,0,0,45,3.214,2,14.29,1,7.14,-,0,0,0
Victoria Mariners,14,Therrien,Aiden,7,12,7,0.286,0.583,0.869,0.286,2,2,0,0,0,1,3,5,2,2,0,0,0,0,0,0,0,1,0,7,58.33,2.4,2.5,71.43,0,0,20,80,0.4,0.333,4,0,0,2,64,5.333,3,25,7,58.33,-,1,0,0
North Shore Twins,36,Lima (BTM),Isaac,6,11,10,0.2,0.273,0.473,0.2,2,2,0,0,0,1,3,1,2,0,0,0,0,1,0,2,100,0,0,6,54.55,11,0.5,80,4,25,37.5,37.5,0.25,0.5,4,0,0,2,35,3.182,0,0,1,9.09,-,0,0,0
North Shore Twins,70,Van Heerden (BTM),Douw,4,10,10,0.5,0.5,1.1,0.6,5,4,1,0,0,3,2,0,1,0,0,0,0,1,0,0,-,0,0,6,60,-,0,90,5,22.22,33.33,44.44,0.556,0.5,5,3,1,6,38,3.8,1,10,2,20,-,0,0,0
Victoria Mariners,30,Daley,Oliver,11,10,8,0.125,0.3,0.425,0.125,1,1,0,0,0,1,1,2,6,2,0,0,0,0,0,1,50,1,0,3,30,5,0.333,25,1,33.33,33.33,0,0.5,0.167,8,0,0,1,38,3.8,1,10,1,10,-,0,0,0
Delta Blue Jays,27,Yau,Nico,4,9,8,0.125,0.125,0.25,0.125,1,1,0,0,0,0,1,0,1,1,0,1,0,0,0,0,-,0,0,2,22.22,-,0,87.5,0,0,25,62.5,0.143,0.25,4,0,0,1,36,4,1,11.11,1,11.11,-,0,0,0
UBC Thunder,17,Pottie,Nathan,6,9,5,0.2,0.556,0.756,0.2,1,1,0,0,0,0,0,4,2,1,0,0,0,0,0,2,66.67,1,0,5,55.56,2.3,2,60,1,33.33,33.33,33.33,0.333,0,2,0,0,1,39,4.333,2,22.22,2,22.22,-,0,0,0
North Shore Twins,59,Puddicombe (BTM),Michael,2,7,6,0.167,0.286,0.452,0.167,1,1,0,0,0,1,1,1,3,2,0,0,0,0,0,1,100,0,0,4,57.14,7,0.333,50,1,0,66.67,33.33,0.333,0.25,7,0,0,1,29,4.143,1,14.29,2,28.57,-,0,0,0
